{"stylesvv":[{"name":"Default","WallColor":{"r":1,"g":1,"b":1},"RoofColor":{"r":0.6313725490196078,"g":0.6235294117647059,"b":0.6235294117647059},"EdgeColor":{"r":1,"g":1,"b":1}},{"name":"Typical","WallColor":{"r":0.12549019607843137,"g":0.7137254901960784,"b":0},"WallOpacity":0.38410714285714287,"RoofColor":{"r":1,"g":0.2,"b":0},"RoofOpacity":0.4298214285714286,"EdgeStyle":"continuous","EdgeColorContinuous":{"r":0.027450980392156862,"g":0.043137254901960784,"b":0.07058823529411765}},{"name":"Discreet","WallColor":{"r":1,"g":1,"b":1},"WallOpacity":0.36125,"RoofColor":{"r":0,"g":0,"b":0},"RoofOpacity":0.5783928571428572,"EdgeStyle":"Continuous","EdgeColorContinuous":{"r":0.7725490196078432,"g":0,"b":0},"DashSizee":"null","GapSizee":"null"},{"name":"Photorealistic","WallTextureMode":1,"WallTextureScale":0.06,"RoofTextureMode":1,"RoofTextureScale":0.03}]}